id,first_name,last_name,email,gender,ip_address
1,Jeana,Beat,jbeat0@china.com.cn,Female,2.116.167.47
2,Lennard,McKerley,lmckerley1@ucsd.edu,Male,215.194.204.234
3,Cathee,Dicky,cdicky2@chronoengine.com,Female,162.43.77.104
4,Lanie,Tilney,ltilney3@cbslocal.com,Male,163.190.83.51
5,Vivyan,Reding,vreding4@facebook.com,Female,101.169.69.42
6,Scottie,Hamon,shamon5@washington.edu,Male,97.143.37.147
7,Hercules,Smorthit,hsmorthit6@multiply.com,Male,96.8.27.56
8,Cirilo,Westcott,cwestcott7@so-net.ne.jp,Male,119.123.219.125
9,Marney,Trevna,mtrevna8@ehow.com,Female,109.229.75.172
10,Prinz,Sowle,psowle9@merriam-webster.com,Male,12.95.1.210
11,Joly,Longshaw,jlongshawa@paginegialle.it,Female,215.27.160.237
12,Mariellen,Tother,mtotherb@indiegogo.com,Female,254.38.182.144
13,Goraud,Betty,gbettyc@census.gov,Male,247.77.101.13
14,Berna,Lorraine,blorrained@nhs.uk,Female,220.193.209.189
15,Constantino,Amoore,camooree@hugedomains.com,Male,194.23.69.55
16,Bartel,Drage,bdragef@rakuten.co.jp,Male,102.233.107.138
17,Roana,Butland,rbutlandg@linkedin.com,Female,93.134.216.53
18,Ezequiel,Merton,emertonh@sitemeter.com,Male,50.26.201.190
19,Ximenez,Bartlet,xbartleti@harvard.edu,Male,20.149.135.253
20,Claude,Trighton,ctrightonj@1688.com,Female,44.193.95.133
21,Fred,Duval,fduvalk@zdnet.com,Female,112.41.249.226
22,Trenna,Gregoratti,tgregorattil@ed.gov,Female,191.28.209.150
23,Kendall,Ygo,kygom@oracle.com,Male,71.175.226.237
24,Teodor,Kurt,tkurtn@aboutads.info,Male,10.23.196.216
25,Karim,Japp,kjappo@mashable.com,Male,218.49.220.49
26,Kearney,Izsak,kizsakp@vimeo.com,Male,137.201.91.233
27,Valentino,Turpin,vturpinq@tinypic.com,Male,173.55.244.208
28,Benn,Bickell,bbickellr@wikimedia.org,Male,11.33.62.30
29,Jessi,Falkous,jfalkouss@ovh.net,Female,51.74.108.0
30,Paulie,Woods,pwoodst@taobao.com,Female,186.219.8.83
31,Victoir,Klasen,vklasenu@ed.gov,Male,76.58.24.165
32,Rosaleen,O'Glassane,roglassanev@bravesites.com,Female,241.2.114.162
33,Dania,Sedge,dsedgew@google.com,Female,150.155.168.82
34,Roseanna,Bozworth,rbozworthx@goodreads.com,Female,46.142.190.193
35,Binnie,Parnall,bparnally@soundcloud.com,Female,41.187.6.229
36,Wittie,Perett,wperettz@bandcamp.com,Male,220.60.140.210
37,Dell,Drogan,ddrogan10@is.gd,Female,91.188.19.198
38,Junette,Keoghan,jkeoghan11@psu.edu,Female,139.158.209.190
39,Almeta,Cotilard,acotilard12@wsj.com,Female,30.231.55.243
40,Jeralee,Naulty,jnaulty13@360.cn,Female,36.237.133.42
41,Eartha,Boyen,eboyen14@oaic.gov.au,Female,191.118.255.121
42,Cary,Crottagh,ccrottagh15@ezinearticles.com,Male,67.152.20.68
43,Aldous,Agutter,aagutter16@reddit.com,Male,208.83.190.98
44,Luke,Langmaid,llangmaid17@skyrock.com,Male,46.188.220.105
45,Bentley,Wegenen,bwegenen18@blogs.com,Male,195.113.35.130
46,Winfield,Essel,wessel19@cargocollective.com,Male,85.53.135.121
47,Florette,Rosenfrucht,frosenfrucht1a@intel.com,Female,186.144.83.223
48,Rory,Allwright,rallwright1b@globo.com,Female,120.211.216.208
49,Kristel,Lesek,klesek1c@youtube.com,Female,228.205.166.152
50,Lewie,Poytress,lpoytress1d@salon.com,Male,244.111.137.88
51,Korie,Gillhespy,kgillhespy1e@ow.ly,Female,6.78.66.228
52,Arlan,Dumphy,adumphy1f@flavors.me,Male,133.229.124.107
53,Simonne,Feasey,sfeasey1g@indiegogo.com,Female,220.145.51.102
54,Niel,Antonescu,nantonescu1h@auda.org.au,Male,44.184.43.117
55,Hallie,Suero,hsuero1i@jalbum.net,Female,159.209.121.123
56,Otis,Grinov,ogrinov1j@oracle.com,Male,111.48.54.45
57,Miof mela,Tizzard,mtizzard1k@nhs.uk,Female,124.25.158.92
58,Blake,Kielty,bkielty1l@etsy.com,Male,99.39.51.233
59,Angus,Folshom,afolshom1m@springer.com,Male,180.161.231.77
60,Sidoney,Anfonsi,sanfonsi1n@hud.gov,Female,64.198.218.135
61,Redford,Osgardby,rosgardby1o@statcounter.com,Male,23.144.28.117
62,Justen,Drewett,jdrewett1p@people.com.cn,Male,56.88.123.53
63,Adolf,Chant,achant1q@time.com,Male,207.178.35.190
64,Elyssa,Walas,ewalas1r@mediafire.com,Female,212.154.47.20
65,Mei,Shout,mshout1s@diigo.com,Female,101.235.8.41
66,Leonardo,Wrench,lwrench1t@businessweek.com,Male,123.152.150.12
67,Rasia,Yesenin,ryesenin1u@so-net.ne.jp,Female,45.90.246.19
68,Arlie,Stopford,astopford1v@wikipedia.org,Female,188.210.36.27
69,Dalli,Hobbing,dhobbing1w@opensource.org,Male,210.115.69.88
70,Henrik,Baldcock,hbaldcock1x@4shared.com,Male,222.34.53.1
71,Marcela,Radnedge,mradnedge1y@cdbaby.com,Female,130.100.65.134
72,Gus,Rummer,grummer1z@netvibes.com,Male,204.112.145.127
73,Diana,Birdsey,dbirdsey20@360.cn,Female,27.52.76.234
74,Wandis,Fargie,wfargie21@cdbaby.com,Female,179.223.153.188
75,Nona,Domanski,ndomanski22@tiny.cc,Female,216.28.165.210
76,Stillman,Branwhite,sbranwhite23@yellowbook.com,Male,203.41.193.180
77,Willi,Wudeland,wwudeland24@posterous.com,Male,232.59.198.97
78,Felice,Bazire,fbazire25@ameblo.jp,Male,47.218.104.250
79,Teena,Dank,tdank26@ezinearticles.com,Female,17.103.38.151
80,Richmond,Bleckly,rbleckly27@answers.com,Male,19.33.140.100
81,Arlyne,Munslow,amunslow28@google.com,Female,153.31.146.239
82,Eda,Pavier,epavier29@mozilla.org,Female,196.11.9.219
83,Giorgi,Chaize,gchaize2a@mysql.com,Male,226.197.68.69
84,Boy,Freddi,bfreddi2b@pagesperso-orange.fr,Male,155.169.66.34
85,Zachariah,Devaney,zdevaney2c@google.com.au,Male,27.153.230.21
86,Silvano,O'Curneen,socurneen2d@jugem.jp,Male,239.62.123.69
87,Donnie,Abell,dabell2e@skype.com,Female,79.68.250.46
88,Marshall,Petcher,mpetcher2f@engadget.com,Male,90.226.10.133
89,Aldous,Trounce,atrounce2g@archive.org,Male,182.130.218.245
90,Margalo,Geffen,mgeffen2h@bizjournals.com,Female,182.90.38.56
91,Cori,Delamere,cdelamere2i@nih.gov,Male,77.171.62.54
92,Josiah,Kulis,jkulis2j@taobao.com,Male,177.89.82.4
93,Carri,Tonge,ctonge2k@macromedia.com,Female,214.63.209.35
94,Tracee,Edon,tedon2l@qq.com,Female,158.103.109.16
95,Any,Sollars,asollars2m@hud.gov,Male,113.210.7.49
96,Mar,Shire,mshire2n@princeton.edu,Male,182.237.84.191
97,Debra,Eakens,deakens2o@tinypic.com,Female,76.33.145.226
98,Consuela,Klessmann,cklessmann2p@example.com,Female,109.227.123.169
99,Tobey,Britcher,tbritcher2q@washingtonpost.com,Female,161.24.4.251
100,Norton,Frentz,nfrentz2r@cbc.ca,Male,188.220.65.124
